hyperparameters,train_metrics,train_metrics,train_metrics,train_metrics,test_metrics,test_metrics,test_metrics,test_metrics
,accuracy,precision,recall,f1_score,accuracy,precision,recall,f1_score
"{'learning_rate': 3e-05, 'batch_size': 8, 'max_length': 64}",0.8523326572008113,0.1503267973856209,0.037037037037037035,0.059431524547803614,tensor(0.8115),0.5,0.26519337016574585,0.34657039711191334
"{'learning_rate': 3e-05, 'batch_size': 8, 'max_length': 64, 'weight_decay': 0.01}",0.9117647058823529,0.9386792452830188,0.32045088566827695,0.4777911164465786,tensor(0.8302),0.59375,0.3149171270718232,0.41155234657039713
