hyperparameters,test_metrics,test_metrics,test_metrics,test_metrics,train_metrics,train_metrics,train_metrics,train_metrics
,accuracy,precision,recall,f1_score,accuracy,precision,recall,f1_score
3e-05,0.8523326572008113,0.1503267973856209,0.037037037037037035,0.059431524547803614,tensor(0.8115),0.5,0.26519337016574585,0.34657039711191334
8.0,0.8523326572008113,0.1503267973856209,0.037037037037037035,0.059431524547803614,tensor(0.8115),0.5,0.26519337016574585,0.34657039711191334
64.0,0.8523326572008113,0.1503267973856209,0.037037037037037035,0.059431524547803614,tensor(0.8115),0.5,0.26519337016574585,0.34657039711191334
